angry0,box0,disgust0,fear0,happy0,neutral0,sad0,surprise0
0.0,"(842, 233, 350, 350)",0.0,0.03,0.0,0.93,0.03,0.0
0.0,"(842, 233, 350, 350)",0.0,0.03,0.0,0.93,0.03,0.0
0.0,"(842, 233, 350, 350)",0.0,0.03,0.0,0.93,0.03,0.0
0.01,"(846, 235, 347, 347)",0.0,0.04,0.0,0.91,0.04,0.01
0.01,"(847, 235, 347, 347)",0.0,0.04,0.0,0.9,0.04,0.01
0.01,"(848, 235, 347, 347)",0.0,0.04,0.0,0.89,0.05,0.01
0.01,"(848, 236, 346, 346)",0.0,0.04,0.0,0.89,0.05,0.01
0.01,"(848, 236, 346, 346)",0.0,0.04,0.0,0.89,0.05,0.01
0.01,"(847, 236, 345, 345)",0.0,0.04,0.0,0.89,0.05,0.01
0.01,"(847, 236, 346, 346)",0.0,0.04,0.0,0.88,0.06,0.01
0.01,"(846, 236, 347, 347)",0.0,0.04,0.0,0.88,0.06,0.01
0.01,"(846, 236, 347, 347)",0.0,0.04,0.0,0.88,0.06,0.01
0.01,"(846, 236, 347, 347)",0.0,0.04,0.0,0.88,0.06,0.01
0.01,"(844, 237, 346, 346)",0.0,0.03,0.0,0.9,0.05,0.0
0.01,"(844, 237, 346, 346)",0.0,0.03,0.0,0.9,0.05,0.0
0.01,"(844, 237, 346, 346)",0.0,0.04,0.0,0.9,0.06,0.01
0.01,"(844, 238, 345, 345)",0.0,0.03,0.0,0.91,0.05,0.0
0.01,"(844, 238, 345, 345)",0.0,0.03,0.0,0.91,0.05,0.0
0.01,"(845, 239, 344, 344)",0.0,0.04,0.0,0.88,0.07,0.0
0.01,"(845, 238, 345, 345)",0.0,0.04,0.0,0.87,0.07,0.01
0.01,"(848, 240, 341, 341)",0.0,0.04,0.0,0.9,0.05,0.01
0.01,"(848, 240, 341, 341)",0.0,0.04,0.0,0.9,0.05,0.01
0.01,"(848, 240, 341, 341)",0.0,0.04,0.0,0.9,0.05,0.01
0.01,"(847, 241, 341, 341)",0.0,0.04,0.0,0.88,0.06,0.01
0.01,"(848, 242, 340, 340)",0.0,0.05,0.0,0.87,0.07,0.01
0.01,"(850, 240, 341, 341)",0.0,0.05,0.0,0.87,0.07,0.01
0.01,"(850, 240, 341, 341)",0.0,0.05,0.0,0.87,0.07,0.01
0.01,"(850, 240, 341, 341)",0.0,0.05,0.0,0.87,0.07,0.01
0.01,"(846, 241, 340, 340)",0.0,0.04,0.0,0.89,0.06,0.01
0.01,"(846, 241, 340, 340)",0.0,0.04,0.0,0.89,0.06,0.01
0.02,"(846, 242, 339, 339)",0.0,0.05,0.0,0.85,0.07,0.01
0.01,"(846, 242, 339, 339)",0.0,0.05,0.0,0.86,0.07,0.01
0.01,"(846, 242, 339, 339)",0.0,0.05,0.0,0.86,0.07,0.01
0.01,"(848, 243, 338, 338)",0.0,0.04,0.0,0.87,0.07,0.0
0.01,"(847, 243, 338, 338)",0.0,0.04,0.0,0.89,0.06,0.0
0.01,"(849, 243, 338, 338)",0.0,0.05,0.0,0.86,0.07,0.0
0.01,"(849, 243, 337, 337)",0.0,0.06,0.0,0.86,0.06,0.0
0.01,"(849, 243, 338, 338)",0.0,0.05,0.0,0.86,0.07,0.0
0.01,"(846, 242, 340, 340)",0.0,0.03,0.0,0.91,0.05,0.0
0.01,"(846, 242, 340, 340)",0.0,0.03,0.0,0.91,0.05,0.01
0.01,"(847, 242, 339, 339)",0.0,0.04,0.0,0.89,0.05,0.01
0.01,"(847, 242, 339, 339)",0.0,0.04,0.0,0.89,0.05,0.01
0.01,"(847, 242, 339, 339)",0.0,0.04,0.0,0.89,0.05,0.01
0.01,"(846, 241, 341, 341)",0.0,0.03,0.0,0.91,0.05,0.0
0.01,"(845, 241, 341, 341)",0.0,0.03,0.0,0.91,0.04,0.01
0.01,"(845, 242, 341, 341)",0.0,0.03,0.0,0.93,0.04,0.0
0.01,"(845, 242, 341, 341)",0.0,0.03,0.0,0.93,0.04,0.0
0.01,"(845, 242, 341, 341)",0.0,0.03,0.0,0.93,0.04,0.0
0.01,"(843, 239, 345, 345)",0.0,0.05,0.0,0.88,0.05,0.01
0.01,"(844, 239, 345, 345)",0.0,0.05,0.0,0.89,0.05,0.01
0.01,"(844, 239, 346, 346)",0.0,0.04,0.0,0.89,0.05,0.01
0.01,"(844, 239, 346, 346)",0.0,0.04,0.0,0.89,0.05,0.01
0.01,"(844, 239, 346, 346)",0.0,0.04,0.0,0.89,0.05,0.01
0.01,"(845, 239, 347, 347)",0.0,0.05,0.0,0.89,0.05,0.0
0.01,"(845, 240, 346, 346)",0.0,0.06,0.0,0.87,0.06,0.01
0.01,"(847, 238, 348, 348)",0.0,0.02,0.0,0.93,0.04,0.0
0.01,"(847, 239, 347, 347)",0.0,0.03,0.0,0.91,0.05,0.0
0.01,"(847, 239, 347, 347)",0.0,0.03,0.0,0.91,0.05,0.0
0.01,"(849, 241, 346, 346)",0.0,0.03,0.0,0.92,0.04,0.0
0.01,"(849, 240, 347, 347)",0.0,0.03,0.0,0.93,0.04,0.0
0.01,"(849, 240, 347, 347)",0.0,0.03,0.0,0.91,0.05,0.0
0.01,"(849, 240, 347, 347)",0.0,0.02,0.0,0.91,0.05,0.0
0.01,"(849, 240, 347, 347)",0.0,0.02,0.0,0.91,0.05,0.0
0.01,"(850, 240, 347, 347)",0.0,0.03,0.0,0.9,0.05,0.01
0.01,"(850, 240, 347, 347)",0.0,0.03,0.0,0.9,0.05,0.01
0.0,"(829, 230, 369, 369)",0.0,0.01,0.0,0.94,0.05,0.0
0.0,"(829, 231, 368, 368)",0.0,0.01,0.0,0.92,0.06,0.0
0.0,"(829, 231, 368, 368)",0.0,0.01,0.0,0.92,0.06,0.0
0.0,"(827, 226, 373, 373)",0.0,0.01,0.0,0.93,0.05,0.0
0.0,"(827, 226, 374, 374)",0.0,0.01,0.0,0.95,0.04,0.0
0.01,"(828, 226, 370, 370)",0.0,0.02,0.0,0.87,0.1,0.01
0.01,"(846, 239, 351, 351)",0.0,0.02,0.0,0.94,0.04,0.0
0.01,"(846, 239, 351, 351)",0.0,0.02,0.0,0.94,0.04,0.0
0.01,"(845, 238, 351, 351)",0.0,0.03,0.0,0.92,0.04,0.01
0.01,"(846, 238, 351, 351)",0.0,0.03,0.0,0.92,0.04,0.01
0.0,"(846, 238, 351, 351)",0.0,0.02,0.0,0.93,0.04,0.0
0.01,"(842, 234, 356, 356)",0.0,0.05,0.0,0.87,0.04,0.02
0.01,"(843, 234, 355, 355)",0.0,0.06,0.0,0.85,0.05,0.02
0.01,"(842, 234, 357, 357)",0.0,0.07,0.0,0.84,0.05,0.02
0.01,"(843, 234, 356, 356)",0.0,0.08,0.0,0.83,0.06,0.03
0.01,"(843, 234, 356, 356)",0.0,0.08,0.0,0.83,0.06,0.03
0.01,"(842, 232, 359, 359)",0.0,0.08,0.0,0.84,0.05,0.03
0.01,"(842, 232, 359, 359)",0.0,0.08,0.0,0.83,0.05,0.03
0.01,"(842, 229, 358, 358)",0.0,0.21,0.0,0.38,0.05,0.35
0.01,"(841, 228, 359, 359)",0.0,0.24,0.0,0.36,0.05,0.35
0.01,"(841, 228, 359, 359)",0.0,0.24,0.0,0.36,0.05,0.34
0.01,"(848, 229, 356, 356)",0.0,0.41,0.0,0.06,0.02,0.5
0.01,"(847, 228, 356, 356)",0.0,0.38,0.0,0.08,0.02,0.52
0.03,"(848, 229, 354, 354)",0.0,0.38,0.04,0.03,0.02,0.51
0.03,"(848, 230, 354, 354)",0.0,0.35,0.05,0.02,0.02,0.54
0.03,"(848, 231, 353, 353)",0.0,0.33,0.05,0.02,0.01,0.57
0.01,"(852, 230, 348, 348)",0.0,0.03,0.67,0.01,0.0,0.28
0.01,"(852, 230, 348, 348)",0.0,0.03,0.66,0.01,0.0,0.29
0.0,"(850, 228, 349, 349)",0.0,0.0,0.98,0.0,0.0,0.02
0.0,"(849, 227, 351, 351)",0.0,0.0,0.98,0.0,0.0,0.01
0.0,"(849, 227, 351, 351)",0.0,0.0,0.98,0.0,0.0,0.01
0.0,"(833, 210, 372, 372)",0.0,0.0,0.96,0.0,0.0,0.03
0.0,"(853, 227, 347, 347)",0.0,0.0,0.97,0.0,0.0,0.02
0.0,"(853, 227, 345, 345)",0.0,0.0,0.98,0.0,0.0,0.02
0.0,"(853, 226, 345, 345)",0.0,0.0,0.97,0.0,0.0,0.03
0.0,"(853, 226, 345, 345)",0.0,0.0,0.97,0.0,0.0,0.03
0.0,"(852, 225, 344, 344)",0.0,0.0,0.96,0.0,0.0,0.03
0.0,"(850, 225, 345, 345)",0.0,0.0,0.98,0.0,0.0,0.02
0.0,"(849, 224, 344, 344)",0.0,0.0,0.96,0.0,0.0,0.04
0.0,"(849, 224, 345, 345)",0.0,0.0,0.97,0.0,0.0,0.03
0.0,"(849, 224, 345, 345)",0.0,0.0,0.97,0.0,0.0,0.03
0.0,"(849, 225, 343, 343)",0.0,0.0,0.97,0.0,0.0,0.03
0.0,"(850, 226, 342, 342)",0.0,0.0,0.97,0.0,0.0,0.03
0.0,"(848, 224, 344, 344)",0.0,0.0,0.97,0.0,0.0,0.03
0.0,"(830, 208, 370, 370)",0.0,0.0,0.97,0.0,0.0,0.03
0.0,"(830, 208, 370, 370)",0.0,0.0,0.97,0.0,0.0,0.03
0.0,"(848, 223, 345, 345)",0.0,0.0,0.95,0.0,0.0,0.04
0.0,"(848, 223, 345, 345)",0.0,0.0,0.96,0.0,0.0,0.04
0.0,"(847, 224, 345, 345)",0.0,0.0,0.98,0.0,0.0,0.02
0.0,"(848, 225, 344, 344)",0.0,0.0,0.98,0.0,0.0,0.02
0.0,"(848, 225, 344, 344)",0.0,0.0,0.98,0.0,0.0,0.02
0.0,"(852, 226, 341, 341)",0.0,0.0,0.97,0.0,0.0,0.03
0.0,"(851, 225, 343, 343)",0.0,0.0,0.97,0.0,0.0,0.02
0.0,"(852, 225, 344, 344)",0.0,0.0,0.98,0.0,0.0,0.02
0.0,"(853, 226, 343, 343)",0.0,0.0,0.98,0.0,0.0,0.02
0.0,"(828, 205, 372, 372)",0.0,0.0,0.98,0.0,0.0,0.02
0.0,"(830, 205, 371, 371)",0.0,0.0,0.98,0.0,0.0,0.02
0.0,"(830, 205, 371, 371)",0.0,0.0,0.98,0.0,0.0,0.02
0.0,"(834, 207, 368, 368)",0.0,0.0,0.98,0.0,0.0,0.02
0.0,"(833, 207, 368, 368)",0.0,0.0,0.98,0.0,0.0,0.02
0.0,"(833, 207, 368, 368)",0.0,0.0,0.98,0.0,0.0,0.02
0.0,"(833, 206, 374, 374)",0.0,0.0,1.0,0.0,0.0,0.0
0.0,"(834, 207, 374, 374)",0.0,0.0,1.0,0.0,0.0,0.0
0.0,"(836, 205, 364, 364)",0.0,0.0,0.97,0.0,0.0,0.03
0.0,"(835, 205, 365, 365)",0.0,0.0,0.98,0.0,0.0,0.02
0.0,"(835, 205, 365, 365)",0.0,0.0,0.98,0.0,0.0,0.02
0.0,"(837, 205, 364, 364)",0.0,0.0,0.96,0.0,0.0,0.03
0.0,"(837, 205, 364, 364)",0.0,0.0,0.96,0.0,0.0,0.03
0.0,"(836, 204, 366, 366)",0.0,0.0,0.97,0.0,0.0,0.03
0.0,"(836, 204, 366, 366)",0.0,0.0,0.97,0.0,0.0,0.03
0.0,"(836, 204, 366, 366)",0.0,0.0,0.97,0.0,0.0,0.03
0.0,"(835, 205, 365, 365)",0.0,0.0,0.99,0.0,0.0,0.01
0.0,"(835, 205, 365, 365)",0.0,0.0,0.99,0.0,0.0,0.01
0.0,"(835, 205, 365, 365)",0.0,0.0,0.98,0.0,0.0,0.02
0.0,"(835, 205, 365, 365)",0.0,0.0,0.98,0.0,0.0,0.02
0.0,"(835, 205, 365, 365)",0.0,0.0,0.98,0.0,0.0,0.02
0.0,"(832, 204, 370, 370)",0.0,0.0,0.98,0.0,0.0,0.01
0.0,"(832, 204, 370, 370)",0.0,0.0,0.99,0.0,0.0,0.01
0.0,"(854, 222, 344, 344)",0.0,0.0,0.97,0.0,0.0,0.03
0.0,"(854, 222, 344, 344)",0.0,0.0,0.97,0.0,0.0,0.03
0.0,"(854, 222, 344, 344)",0.0,0.0,0.97,0.0,0.0,0.03
0.0,"(850, 223, 343, 343)",0.0,0.0,0.98,0.0,0.0,0.02
0.0,"(850, 223, 343, 343)",0.0,0.0,0.98,0.0,0.0,0.02
0.0,"(849, 223, 343, 343)",0.0,0.0,0.98,0.0,0.0,0.02
0.0,"(849, 223, 343, 343)",0.0,0.0,0.98,0.0,0.0,0.02
0.0,"(825, 204, 375, 375)",0.0,0.0,1.0,0.0,0.0,0.0
0.0,"(849, 222, 345, 345)",0.0,0.0,0.99,0.0,0.0,0.01
0.0,"(848, 222, 345, 345)",0.0,0.0,0.99,0.0,0.0,0.01
0.0,"(826, 205, 369, 369)",0.0,0.0,0.99,0.0,0.0,0.01
0.0,"(826, 205, 369, 369)",0.0,0.0,0.99,0.0,0.0,0.01
0.0,"(826, 205, 369, 369)",0.0,0.0,0.99,0.0,0.0,0.01
0.0,"(851, 224, 342, 342)",0.0,0.0,0.99,0.0,0.0,0.01
0.0,"(851, 224, 342, 342)",0.0,0.0,0.99,0.0,0.0,0.01
0.0,"(852, 224, 343, 343)",0.0,0.0,0.99,0.0,0.0,0.01
0.0,"(852, 224, 343, 343)",0.0,0.0,0.99,0.0,0.0,0.01
0.0,"(852, 224, 343, 343)",0.0,0.0,0.99,0.0,0.0,0.01
0.0,"(856, 228, 339, 339)",0.0,0.0,0.99,0.0,0.0,0.01
0.0,"(855, 228, 340, 340)",0.0,0.0,0.99,0.0,0.0,0.01
0.0,"(857, 227, 339, 339)",0.0,0.0,0.98,0.0,0.0,0.01
0.0,"(857, 227, 339, 339)",0.0,0.0,0.98,0.0,0.0,0.02
0.0,"(857, 227, 339, 339)",0.0,0.0,0.98,0.0,0.0,0.01
0.0,"(833, 207, 368, 368)",0.0,0.0,0.99,0.0,0.0,0.01
0.0,"(833, 207, 368, 368)",0.0,0.0,0.99,0.0,0.0,0.01
0.0,"(836, 207, 366, 366)",0.0,0.0,0.99,0.0,0.0,0.01
0.0,"(836, 208, 366, 366)",0.0,0.0,0.99,0.0,0.0,0.01
0.0,"(836, 208, 366, 366)",0.0,0.0,0.99,0.0,0.0,0.01
0.0,"(835, 207, 368, 368)",0.0,0.0,0.99,0.0,0.0,0.0
0.0,"(835, 207, 368, 368)",0.0,0.0,0.99,0.0,0.0,0.0
0.0,"(835, 207, 368, 368)",0.0,0.0,0.99,0.0,0.0,0.0
0.0,"(835, 207, 368, 368)",0.0,0.0,0.99,0.0,0.0,0.0
0.0,"(835, 207, 368, 368)",0.0,0.0,0.99,0.0,0.0,0.0
0.0,"(836, 206, 369, 369)",0.0,0.0,0.99,0.0,0.0,0.0
0.0,"(836, 207, 368, 368)",0.0,0.0,0.99,0.0,0.0,0.0
0.0,"(836, 207, 367, 367)",0.0,0.0,0.99,0.0,0.0,0.01
0.0,"(836, 206, 368, 368)",0.0,0.0,0.99,0.0,0.0,0.01
0.0,"(835, 205, 371, 371)",0.0,0.0,1.0,0.0,0.0,0.0
0.0,"(835, 205, 370, 370)",0.0,0.0,0.99,0.0,0.0,0.0
0.0,"(835, 205, 370, 370)",0.0,0.0,0.99,0.0,0.0,0.0
0.0,"(836, 206, 368, 368)",0.0,0.0,0.99,0.0,0.0,0.01
0.0,"(836, 206, 368, 368)",0.0,0.0,0.99,0.0,0.0,0.01
0.0,"(836, 206, 368, 368)",0.0,0.0,0.99,0.0,0.0,0.01
0.0,"(835, 206, 370, 370)",0.0,0.0,0.99,0.0,0.0,0.0
0.0,"(835, 206, 370, 370)",0.0,0.0,0.99,0.0,0.0,0.0
0.0,"(834, 206, 372, 372)",0.0,0.0,1.0,0.0,0.0,0.0
0.0,"(834, 206, 372, 372)",0.0,0.0,1.0,0.0,0.0,0.0
0.0,"(834, 206, 372, 372)",0.0,0.0,1.0,0.0,0.0,0.0
0.0,"(837, 213, 362, 362)",0.0,0.0,0.99,0.0,0.0,0.01
0.0,"(837, 213, 362, 362)",0.0,0.0,0.99,0.0,0.0,0.01
0.0,"(837, 212, 364, 364)",0.0,0.0,0.99,0.0,0.0,0.01
0.0,"(837, 212, 364, 364)",0.0,0.0,0.99,0.0,0.0,0.01
0.0,"(837, 212, 364, 364)",0.0,0.0,0.99,0.0,0.0,0.01
0.0,"(834, 209, 370, 370)",0.0,0.0,0.99,0.0,0.0,0.01
0.0,"(834, 209, 370, 370)",0.0,0.0,0.99,0.0,0.0,0.01
0.0,"(834, 207, 373, 373)",0.0,0.0,0.99,0.0,0.0,0.01
0.0,"(834, 207, 373, 373)",0.0,0.0,0.99,0.0,0.0,0.01
0.0,"(834, 207, 373, 373)",0.0,0.0,0.99,0.0,0.0,0.01
0.0,"(836, 206, 373, 373)",0.0,0.0,0.98,0.0,0.0,0.02
0.0,"(836, 206, 373, 373)",0.0,0.0,0.98,0.0,0.0,0.02
0.0,"(837, 206, 373, 373)",0.0,0.0,0.98,0.0,0.0,0.02
0.0,"(838, 206, 372, 372)",0.0,0.0,0.97,0.0,0.0,0.03
0.0,"(838, 206, 372, 372)",0.0,0.0,0.97,0.0,0.0,0.03
0.0,"(838, 205, 372, 372)",0.0,0.0,0.94,0.0,0.0,0.06
0.0,"(839, 206, 371, 371)",0.0,0.0,0.96,0.0,0.0,0.04
0.0,"(839, 205, 372, 372)",0.0,0.0,0.96,0.0,0.0,0.03
0.0,"(839, 205, 372, 372)",0.0,0.0,0.96,0.0,0.0,0.04
0.0,"(839, 205, 371, 371)",0.0,0.0,0.97,0.0,0.0,0.03
0.0,"(839, 204, 372, 372)",0.0,0.0,0.96,0.0,0.0,0.04
0.0,"(839, 204, 372, 372)",0.0,0.0,0.96,0.0,0.0,0.04
0.0,"(839, 205, 372, 372)",0.0,0.0,0.96,0.0,0.0,0.04
0.0,"(839, 205, 371, 371)",0.0,0.0,0.96,0.0,0.0,0.03
0.0,"(839, 205, 371, 371)",0.0,0.0,0.96,0.0,0.0,0.03
0.0,"(840, 213, 365, 365)",0.0,0.0,1.0,0.0,0.0,0.0
0.0,"(840, 213, 365, 365)",0.0,0.0,1.0,0.0,0.0,0.0
0.0,"(841, 214, 364, 364)",0.0,0.0,1.0,0.0,0.0,0.0
0.0,"(840, 214, 364, 364)",0.0,0.0,1.0,0.0,0.0,0.0
0.0,"(840, 214, 364, 364)",0.0,0.0,1.0,0.0,0.0,0.0
0.0,"(844, 214, 360, 360)",0.0,0.0,1.0,0.0,0.0,0.0
0.0,"(844, 214, 360, 360)",0.0,0.0,1.0,0.0,0.0,0.0
0.0,"(843, 213, 360, 360)",0.0,0.0,1.0,0.0,0.0,0.0
0.0,"(843, 213, 360, 360)",0.0,0.0,1.0,0.0,0.0,0.0
0.0,"(843, 213, 360, 360)",0.0,0.0,1.0,0.0,0.0,0.0
0.0,"(854, 217, 361, 361)",0.0,0.0,1.0,0.0,0.0,0.0
0.0,"(854, 217, 361, 361)",0.0,0.0,1.0,0.0,0.0,0.0
0.0,"(844, 213, 358, 358)",0.0,0.0,1.0,0.0,0.0,0.0
0.0,"(844, 213, 358, 358)",0.0,0.0,1.0,0.0,0.0,0.0
0.0,"(844, 213, 358, 358)",0.0,0.0,1.0,0.0,0.0,0.0
0.01,"(836, 238, 351, 351)",0.0,0.03,0.0,0.92,0.03,0.0
0.01,"(836, 238, 351, 351)",0.0,0.03,0.0,0.92,0.04,0.0
0.01,"(836, 237, 353, 353)",0.0,0.04,0.0,0.92,0.04,0.0
0.01,"(837, 237, 352, 352)",0.0,0.03,0.0,0.91,0.04,0.0
0.01,"(837, 237, 352, 352)",0.0,0.03,0.0,0.91,0.04,0.0
0.01,"(828, 231, 363, 363)",0.0,0.04,0.0,0.83,0.1,0.01
0.02,"(827, 231, 364, 364)",0.0,0.06,0.0,0.77,0.14,0.01
0.03,"(821, 233, 367, 367)",0.0,0.05,0.0,0.7,0.22,0.0
0.04,"(821, 233, 367, 367)",0.0,0.05,0.0,0.69,0.22,0.0
0.03,"(821, 233, 368, 368)",0.0,0.05,0.0,0.72,0.2,0.0
0.06,"(821, 232, 369, 369)",0.0,0.06,0.0,0.44,0.42,0.01
0.06,"(821, 232, 369, 369)",0.0,0.07,0.0,0.44,0.42,0.01
0.05,"(831, 235, 362, 362)",0.0,0.12,0.0,0.51,0.29,0.03
0.05,"(831, 235, 361, 361)",0.0,0.11,0.0,0.48,0.33,0.03
0.05,"(831, 235, 361, 361)",0.0,0.11,0.0,0.49,0.33,0.03
0.08,"(821, 229, 370, 370)",0.0,0.13,0.0,0.3,0.46,0.04
0.08,"(821, 229, 369, 369)",0.0,0.11,0.0,0.31,0.47,0.03
0.07,"(835, 236, 358, 358)",0.0,0.09,0.0,0.44,0.36,0.03
0.09,"(833, 234, 361, 361)",0.0,0.11,0.0,0.35,0.42,0.02
0.09,"(833, 234, 361, 361)",0.0,0.11,0.0,0.35,0.42,0.02
0.08,"(835, 236, 358, 358)",0.0,0.09,0.0,0.47,0.34,0.02
0.08,"(835, 236, 358, 358)",0.0,0.1,0.0,0.46,0.34,0.02
0.05,"(839, 238, 355, 355)",0.0,0.06,0.0,0.57,0.29,0.02
0.12,"(822, 227, 370, 370)",0.0,0.12,0.0,0.28,0.43,0.06
0.12,"(822, 227, 370, 370)",0.0,0.12,0.0,0.28,0.43,0.06
0.08,"(838, 238, 355, 355)",0.0,0.08,0.0,0.5,0.32,0.02
0.08,"(838, 238, 355, 355)",0.0,0.08,0.0,0.51,0.31,0.02
0.19,"(824, 229, 366, 366)",0.0,0.11,0.0,0.26,0.38,0.06
0.2,"(824, 229, 366, 366)",0.0,0.1,0.0,0.26,0.39,0.05
0.2,"(824, 229, 366, 366)",0.0,0.1,0.0,0.26,0.38,0.06
0.09,"(839, 238, 355, 355)",0.0,0.08,0.0,0.55,0.26,0.02
0.09,"(839, 238, 355, 355)",0.0,0.08,0.0,0.55,0.26,0.02
0.14,"(825, 229, 366, 366)",0.0,0.1,0.0,0.33,0.38,0.06
0.14,"(825, 229, 366, 366)",0.0,0.1,0.0,0.32,0.38,0.06
0.14,"(825, 229, 366, 366)",0.0,0.1,0.0,0.32,0.38,0.06
0.15,"(825, 228, 366, 366)",0.0,0.09,0.0,0.34,0.38,0.05
0.14,"(825, 228, 366, 366)",0.0,0.08,0.0,0.34,0.39,0.05
0.08,"(836, 236, 358, 358)",0.0,0.08,0.0,0.49,0.33,0.02
0.08,"(836, 236, 358, 358)",0.0,0.08,0.0,0.5,0.32,0.02
0.07,"(836, 236, 359, 359)",0.0,0.1,0.0,0.5,0.3,0.02
0.06,"(838, 237, 356, 356)",0.0,0.09,0.0,0.57,0.24,0.03
0.06,"(838, 237, 356, 356)",0.0,0.09,0.0,0.58,0.24,0.03
0.06,"(838, 237, 358, 358)",0.0,0.09,0.0,0.56,0.26,0.03
0.05,"(838, 237, 358, 358)",0.0,0.09,0.0,0.57,0.24,0.03
0.05,"(838, 237, 358, 358)",0.0,0.09,0.0,0.58,0.24,0.03
0.07,"(837, 237, 357, 357)",0.0,0.11,0.0,0.52,0.28,0.03
0.07,"(837, 237, 357, 357)",0.0,0.11,0.0,0.52,0.27,0.03
0.08,"(837, 237, 358, 358)",0.0,0.11,0.0,0.49,0.29,0.03
0.07,"(838, 237, 358, 358)",0.0,0.11,0.0,0.49,0.3,0.03
0.07,"(838, 237, 358, 358)",0.0,0.11,0.0,0.49,0.3,0.03
0.08,"(839, 237, 356, 356)",0.0,0.12,0.0,0.45,0.32,0.03
0.07,"(840, 238, 355, 355)",0.0,0.12,0.0,0.44,0.35,0.02
0.1,"(838, 236, 357, 357)",0.0,0.13,0.0,0.41,0.33,0.03
0.1,"(838, 237, 356, 356)",0.0,0.13,0.0,0.4,0.32,0.04
0.1,"(838, 237, 356, 356)",0.0,0.13,0.0,0.4,0.32,0.04
0.13,"(838, 237, 356, 356)",0.0,0.16,0.0,0.34,0.31,0.06
0.13,"(838, 237, 356, 356)",0.0,0.16,0.0,0.34,0.31,0.05
0.15,"(839, 237, 356, 356)",0.0,0.16,0.0,0.34,0.32,0.04
0.15,"(839, 237, 356, 356)",0.0,0.15,0.0,0.34,0.32,0.04
0.15,"(839, 237, 356, 356)",0.0,0.15,0.0,0.34,0.32,0.04
0.15,"(840, 237, 355, 355)",0.0,0.13,0.0,0.33,0.36,0.02
0.15,"(840, 237, 355, 355)",0.0,0.13,0.0,0.33,0.37,0.02
0.15,"(840, 238, 355, 355)",0.0,0.12,0.0,0.35,0.35,0.03
0.15,"(840, 238, 355, 355)",0.0,0.12,0.0,0.35,0.35,0.03
0.15,"(840, 238, 355, 355)",0.0,0.12,0.0,0.35,0.35,0.03
0.09,"(840, 239, 353, 353)",0.0,0.12,0.0,0.4,0.37,0.02
0.09,"(840, 239, 353, 353)",0.0,0.12,0.0,0.4,0.37,0.02
0.08,"(841, 237, 356, 356)",0.0,0.1,0.0,0.47,0.33,0.02
0.07,"(840, 237, 357, 357)",0.0,0.1,0.0,0.46,0.35,0.02
0.07,"(840, 236, 355, 355)",0.0,0.08,0.0,0.55,0.28,0.02
0.1,"(841, 237, 355, 355)",0.0,0.08,0.0,0.44,0.36,0.02
0.1,"(841, 237, 355, 355)",0.0,0.08,0.0,0.44,0.36,0.02
0.1,"(839, 236, 358, 358)",0.0,0.09,0.0,0.41,0.39,0.01
0.1,"(839, 236, 358, 358)",0.0,0.09,0.0,0.41,0.39,0.01
0.1,"(839, 236, 358, 358)",0.0,0.09,0.0,0.41,0.39,0.01
0.1,"(840, 238, 356, 356)",0.0,0.09,0.0,0.45,0.33,0.02
0.1,"(840, 237, 356, 356)",0.0,0.08,0.0,0.44,0.36,0.02
0.09,"(842, 239, 354, 354)",0.0,0.07,0.0,0.54,0.28,0.02
0.09,"(842, 239, 355, 355)",0.0,0.08,0.0,0.52,0.29,0.02
0.09,"(842, 239, 355, 355)",0.0,0.08,0.0,0.52,0.29,0.02
0.08,"(841, 238, 354, 354)",0.0,0.09,0.0,0.49,0.33,0.01
0.08,"(841, 238, 354, 354)",0.0,0.09,0.0,0.49,0.32,0.01
0.1,"(843, 238, 352, 352)",0.0,0.11,0.0,0.46,0.32,0.02
0.09,"(843, 238, 353, 353)",0.0,0.12,0.0,0.41,0.34,0.02
0.09,"(843, 238, 353, 353)",0.0,0.12,0.0,0.41,0.34,0.02
0.1,"(844, 238, 352, 352)",0.0,0.12,0.0,0.41,0.36,0.02
0.1,"(844, 238, 352, 352)",0.0,0.12,0.0,0.41,0.36,0.02
0.11,"(842, 237, 355, 355)",0.0,0.12,0.0,0.32,0.42,0.03
0.14,"(842, 237, 354, 354)",0.0,0.12,0.0,0.29,0.44,0.02
0.14,"(842, 237, 354, 354)",0.0,0.12,0.0,0.29,0.44,0.02
0.15,"(843, 238, 353, 353)",0.0,0.09,0.0,0.3,0.44,0.02
0.15,"(843, 238, 353, 353)",0.0,0.09,0.0,0.3,0.44,0.02
0.15,"(844, 239, 352, 352)",0.0,0.09,0.0,0.29,0.46,0.01
0.15,"(844, 239, 352, 352)",0.0,0.09,0.0,0.3,0.45,0.01
0.15,"(844, 239, 352, 352)",0.0,0.09,0.0,0.3,0.45,0.01
0.13,"(844, 239, 352, 352)",0.0,0.08,0.0,0.3,0.47,0.01
0.16,"(843, 239, 354, 354)",0.0,0.1,0.0,0.28,0.44,0.01
0.16,"(843, 239, 354, 354)",0.0,0.11,0.0,0.26,0.45,0.02
0.17,"(843, 239, 354, 354)",0.0,0.11,0.0,0.25,0.45,0.02
0.15,"(845, 240, 352, 352)",0.0,0.13,0.0,0.21,0.49,0.02
0.18,"(844, 240, 352, 352)",0.0,0.12,0.0,0.25,0.44,0.02
0.17,"(844, 240, 352, 352)",0.0,0.12,0.0,0.25,0.43,0.02
0.13,"(844, 239, 352, 352)",0.0,0.13,0.0,0.27,0.45,0.02
0.13,"(845, 239, 352, 352)",0.0,0.12,0.0,0.29,0.44,0.02
0.13,"(845, 239, 352, 352)",0.0,0.12,0.0,0.29,0.44,0.02
0.14,"(844, 239, 351, 351)",0.0,0.11,0.0,0.26,0.47,0.01
0.14,"(844, 239, 351, 351)",0.0,0.11,0.0,0.27,0.47,0.01
0.13,"(845, 239, 351, 351)",0.0,0.12,0.0,0.31,0.43,0.01
0.13,"(845, 239, 351, 351)",0.0,0.12,0.0,0.31,0.42,0.01
0.13,"(845, 239, 351, 351)",0.0,0.12,0.0,0.31,0.42,0.01
0.14,"(845, 241, 351, 351)",0.0,0.15,0.0,0.34,0.34,0.02
0.14,"(845, 241, 351, 351)",0.0,0.16,0.0,0.34,0.34,0.02
0.11,"(839, 236, 359, 359)",0.0,0.16,0.0,0.22,0.47,0.04
0.1,"(839, 236, 360, 360)",0.0,0.17,0.0,0.28,0.4,0.05
0.1,"(839, 236, 360, 360)",0.0,0.17,0.0,0.28,0.4,0.05
0.1,"(838, 233, 362, 362)",0.0,0.15,0.0,0.25,0.47,0.03
0.1,"(838, 233, 362, 362)",0.0,0.15,0.0,0.25,0.47,0.03
0.09,"(837, 233, 363, 363)",0.0,0.16,0.0,0.28,0.42,0.05
0.09,"(837, 233, 363, 363)",0.0,0.16,0.0,0.28,0.42,0.05
0.09,"(837, 233, 363, 363)",0.0,0.16,0.0,0.28,0.42,0.05
0.07,"(837, 232, 363, 363)",0.0,0.15,0.0,0.36,0.38,0.04
0.09,"(838, 232, 362, 362)",0.0,0.13,0.0,0.34,0.4,0.04
0.09,"(840, 232, 360, 360)",0.0,0.15,0.0,0.27,0.45,0.04
0.12,"(840, 232, 359, 359)",0.0,0.16,0.0,0.22,0.47,0.04
0.12,"(840, 232, 359, 359)",0.0,0.16,0.0,0.22,0.47,0.04
0.11,"(839, 232, 359, 359)",0.0,0.15,0.0,0.29,0.41,0.04
0.11,"(839, 232, 359, 359)",0.0,0.16,0.0,0.28,0.41,0.04
0.1,"(839, 234, 358, 358)",0.0,0.15,0.0,0.37,0.35,0.04
0.1,"(839, 234, 358, 358)",0.0,0.15,0.0,0.37,0.35,0.04
0.1,"(839, 235, 357, 357)",0.0,0.15,0.0,0.3,0.4,0.05
0.09,"(838, 233, 359, 359)",0.0,0.15,0.0,0.3,0.4,0.06
0.09,"(838, 234, 359, 359)",0.0,0.17,0.0,0.31,0.37,0.06
0.09,"(842, 238, 354, 354)",0.0,0.2,0.0,0.4,0.27,0.05
0.09,"(842, 238, 354, 354)",0.0,0.2,0.0,0.4,0.27,0.05
0.09,"(842, 238, 354, 354)",0.0,0.2,0.0,0.4,0.27,0.05
0.07,"(833, 231, 360, 360)",0.0,0.12,0.0,0.3,0.49,0.02
0.07,"(840, 235, 358, 358)",0.0,0.16,0.0,0.41,0.32,0.05
0.08,"(830, 232, 359, 359)",0.0,0.18,0.0,0.3,0.41,0.03
0.08,"(830, 232, 359, 359)",0.0,0.18,0.0,0.29,0.41,0.03
0.08,"(830, 232, 359, 359)",0.0,0.18,0.0,0.29,0.41,0.03
0.07,"(843, 238, 351, 351)",0.0,0.15,0.0,0.42,0.32,0.03
0.07,"(843, 238, 351, 351)",0.0,0.15,0.0,0.43,0.32,0.03
0.07,"(844, 239, 350, 350)",0.0,0.17,0.0,0.43,0.29,0.03
0.07,"(844, 239, 350, 350)",0.0,0.17,0.0,0.43,0.29,0.03
0.07,"(844, 239, 350, 350)",0.0,0.17,0.0,0.43,0.29,0.03
0.08,"(844, 238, 351, 351)",0.0,0.16,0.0,0.4,0.34,0.02
0.08,"(844, 238, 351, 351)",0.0,0.16,0.0,0.4,0.34,0.02
0.08,"(843, 238, 352, 352)",0.0,0.13,0.0,0.43,0.33,0.03
0.08,"(843, 238, 352, 352)",0.0,0.14,0.0,0.43,0.33,0.03
0.08,"(843, 238, 352, 352)",0.0,0.14,0.0,0.43,0.33,0.03
0.1,"(845, 243, 350, 350)",0.0,0.13,0.0,0.46,0.28,0.03
0.1,"(845, 243, 350, 350)",0.0,0.13,0.0,0.46,0.29,0.03
0.09,"(845, 244, 351, 351)",0.0,0.1,0.0,0.55,0.25,0.01
0.09,"(845, 244, 351, 351)",0.0,0.1,0.0,0.54,0.25,0.01
0.09,"(845, 244, 351, 351)",0.0,0.1,0.0,0.54,0.25,0.01
0.07,"(841, 241, 356, 356)",0.0,0.08,0.0,0.57,0.26,0.01
0.07,"(841, 241, 356, 356)",0.0,0.08,0.0,0.58,0.26,0.01
0.07,"(840, 242, 355, 355)",0.0,0.08,0.0,0.57,0.25,0.02
0.07,"(840, 241, 356, 356)",0.0,0.09,0.0,0.57,0.25,0.02
0.07,"(839, 241, 357, 357)",0.0,0.1,0.0,0.56,0.24,0.03
0.09,"(827, 237, 367, 367)",0.0,0.15,0.0,0.35,0.36,0.05
0.09,"(827, 237, 367, 367)",0.0,0.15,0.0,0.35,0.36,0.05
0.08,"(826, 240, 368, 368)",0.0,0.13,0.0,0.43,0.27,0.08
0.08,"(826, 240, 368, 368)",0.0,0.13,0.0,0.44,0.28,0.07
0.08,"(826, 240, 368, 368)",0.0,0.13,0.0,0.44,0.28,0.07
0.06,"(832, 242, 363, 363)",0.0,0.08,0.0,0.51,0.34,0.02
0.05,"(832, 241, 364, 364)",0.0,0.06,0.0,0.55,0.32,0.02
0.07,"(833, 242, 364, 364)",0.0,0.06,0.0,0.48,0.36,0.02
0.08,"(833, 242, 363, 363)",0.0,0.05,0.0,0.49,0.36,0.02
0.08,"(833, 242, 363, 363)",0.0,0.05,0.0,0.49,0.36,0.02
0.04,"(834, 242, 363, 363)",0.0,0.08,0.0,0.49,0.36,0.03
0.04,"(834, 242, 363, 363)",0.0,0.08,0.0,0.5,0.35,0.03
0.06,"(834, 247, 358, 358)",0.0,0.17,0.0,0.37,0.33,0.06
0.05,"(832, 246, 360, 360)",0.0,0.14,0.0,0.46,0.31,0.05
0.05,"(832, 246, 360, 360)",0.0,0.14,0.0,0.46,0.31,0.05
0.05,"(832, 248, 357, 357)",0.0,0.17,0.0,0.43,0.31,0.04
0.07,"(832, 247, 357, 357)",0.0,0.16,0.0,0.38,0.34,0.05
0.06,"(830, 246, 359, 359)",0.0,0.14,0.0,0.36,0.36,0.07
0.07,"(838, 245, 357, 357)",0.0,0.09,0.0,0.4,0.36,0.08
0.07,"(838, 245, 357, 357)",0.0,0.09,0.0,0.4,0.36,0.08
0.06,"(829, 244, 361, 361)",0.0,0.15,0.0,0.38,0.36,0.05
0.06,"(829, 244, 361, 361)",0.0,0.15,0.0,0.38,0.36,0.05
0.05,"(825, 233, 370, 370)",0.0,0.13,0.0,0.4,0.39,0.02
0.06,"(825, 232, 371, 371)",0.0,0.12,0.0,0.38,0.42,0.02
0.06,"(825, 232, 371, 371)",0.0,0.12,0.0,0.38,0.42,0.02
0.05,"(824, 232, 373, 373)",0.0,0.12,0.0,0.39,0.41,0.02
0.05,"(824, 232, 373, 373)",0.0,0.13,0.0,0.4,0.41,0.02
0.05,"(829, 235, 373, 373)",0.0,0.09,0.0,0.51,0.33,0.02
0.05,"(829, 235, 373, 373)",0.0,0.09,0.0,0.52,0.33,0.02
0.06,"(829, 235, 372, 372)",0.0,0.07,0.0,0.55,0.31,0.01
0.05,"(828, 234, 373, 373)",0.0,0.1,0.0,0.44,0.4,0.01
0.05,"(828, 234, 373, 373)",0.0,0.1,0.0,0.45,0.39,0.01
0.06,"(836, 226, 369, 369)",0.0,0.08,0.0,0.49,0.35,0.01
0.06,"(836, 226, 369, 369)",0.0,0.08,0.0,0.49,0.35,0.01
0.06,"(836, 226, 369, 369)",0.0,0.08,0.0,0.49,0.35,0.01
0.05,"(846, 239, 354, 354)",0.0,0.06,0.0,0.7,0.18,0.01
0.06,"(847, 240, 353, 353)",0.0,0.07,0.0,0.68,0.18,0.01
0.07,"(848, 237, 352, 352)",0.0,0.08,0.0,0.62,0.2,0.02
0.05,"(849, 238, 351, 351)",0.0,0.07,0.0,0.68,0.18,0.02
0.05,"(849, 238, 351, 351)",0.0,0.07,0.0,0.68,0.18,0.02
0.08,"(847, 233, 355, 355)",0.0,0.07,0.0,0.65,0.19,0.01
0.08,"(847, 233, 355, 355)",0.0,0.07,0.0,0.65,0.19,0.01
0.1,"(852, 232, 349, 349)",0.0,0.15,0.0,0.52,0.21,0.02
0.08,"(853, 232, 348, 348)",0.0,0.13,0.0,0.57,0.2,0.01
0.08,"(853, 232, 348, 348)",0.0,0.13,0.0,0.57,0.2,0.01
0.07,"(860, 240, 338, 338)",0.0,0.13,0.0,0.63,0.14,0.03
0.08,"(858, 240, 339, 339)",0.0,0.12,0.0,0.64,0.14,0.02
0.17,"(857, 219, 345, 345)",0.0,0.24,0.0,0.27,0.31,0.02
0.16,"(858, 219, 344, 344)",0.0,0.26,0.0,0.29,0.26,0.02
0.16,"(858, 219, 344, 344)",0.0,0.26,0.0,0.29,0.26,0.02
0.1,"(856, 215, 345, 345)",0.0,0.23,0.0,0.39,0.26,0.01
0.11,"(856, 215, 345, 345)",0.0,0.23,0.0,0.39,0.26,0.01
0.17,"(863, 211, 332, 332)",0.0,0.31,0.0,0.27,0.24,0.02
0.15,"(864, 211, 331, 331)",0.0,0.28,0.0,0.32,0.24,0.02
0.18,"(863, 211, 332, 332)",0.0,0.3,0.0,0.27,0.24,0.02
0.07,"(861, 211, 339, 339)",0.0,0.19,0.0,0.51,0.22,0.01
0.07,"(861, 211, 340, 340)",0.0,0.2,0.0,0.5,0.21,0.02
0.07,"(863, 212, 337, 337)",0.0,0.23,0.0,0.48,0.21,0.01
0.07,"(861, 211, 338, 338)",0.0,0.18,0.0,0.53,0.2,0.02
0.01,"(842, 234, 351, 351)",0.0,0.05,0.0,0.86,0.08,0.01
0.01,"(844, 234, 351, 351)",0.0,0.05,0.0,0.84,0.08,0.02
0.01,"(844, 234, 351, 351)",0.0,0.05,0.0,0.83,0.09,0.02
0.01,"(844, 234, 351, 351)",0.0,0.05,0.0,0.83,0.09,0.02
0.01,"(847, 235, 349, 349)",0.0,0.06,0.0,0.82,0.09,0.02
0.01,"(845, 235, 351, 351)",0.0,0.06,0.0,0.82,0.09,0.01
0.02,"(845, 235, 351, 351)",0.0,0.06,0.0,0.81,0.09,0.01
0.02,"(845, 235, 351, 351)",0.0,0.06,0.0,0.81,0.09,0.01
